"GeoID_Description","GeoID_Name","SitsinState","GeoID","GeoID_Formatted","pbachp","TimeFrame","GeoVintage","Source","Location"
"Census Tract","04013420104","AZ","04013420104","=""04013420104""","31.02","2020-2024","2022","Census","Mesa (City, 2020)"
"Census Tract","04013420105","AZ","04013420105","=""04013420105""","53.02","2020-2024","2022","Census","Mesa (City, 2020)"
"Census Tract","04013420107","AZ","04013420107","=""04013420107""","57.21","2020-2024","2022","Census","Mesa (City, 2020)"
"Census Tract","04013420109","AZ","04013420109","=""04013420109""","41.32","2020-2024","2022","Census","Mesa (City, 2020)"
"Census Tract","04013420112","AZ","04013420112","=""04013420112""","21.75","2020-2024","2022","Census","Mesa (City, 2020)"
"Census Tract","04013420113","AZ","04013420113","=""04013420113""","27.98","2020-2024","2022","Census","Mesa (City, 2020)"
"Census Tract","04013420206","AZ","04013420206","=""04013420206""","31.15","2020-2024","2022","Census","Mesa (City, 2020)"
"Census Tract","04013420207","AZ","04013420207","=""04013420207""","51.05","2020-2024","2022","Census","Mesa (City, 2020)"
"Census Tract","04013420208","AZ","04013420208","=""04013420208""","31.56","2020-2024","2022","Census","Mesa (City, 2020)"
"Census Tract","04013420210","AZ","04013420210","=""04013420210""","31.94","2020-2024","2022","Census","Mesa (City, 2020)"
"Census Tract","04013420211","AZ","04013420211","=""04013420211""","50.56","2020-2024","2022","Census","Mesa (City, 2020)"
"Census Tract","04013420212","AZ","04013420212","=""04013420212""","35.77","2020-2024","2022","Census","Mesa (City, 2020)"
"Census Tract","04013420213","AZ","04013420213","=""04013420213""","35.70","2020-2024","2022","Census","Mesa (City, 2020)"
"Census Tract","04013420215","AZ","04013420215","=""04013420215""","41.56","2020-2024","2022","Census","Mesa (City, 2020)"
"Census Tract","04013420216","AZ","04013420216","=""04013420216""","41.04","2020-2024","2022","Census","Mesa (City, 2020)"
"Census Tract","04013420301","AZ","04013420301","=""04013420301""","59.31","2020-2024","2022","Census","Mesa (City, 2020)"
"Census Tract","04013420302","AZ","04013420302","=""04013420302""","45.19","2020-2024","2022","Census","Mesa (City, 2020)"
"Census Tract","04013420303","AZ","04013420303","=""04013420303""","42.20","2020-2024","2022","Census","Mesa (City, 2020)"
"Census Tract","04013420304","AZ","04013420304","=""04013420304""","44.49","2020-2024","2022","Census","Mesa (City, 2020)"
"Census Tract","04013420401","AZ","04013420401","=""04013420401""","21.99","2020-2024","2022","Census","Mesa (City, 2020)"
"Census Tract","04013420402","AZ","04013420402","=""04013420402""","51.23","2020-2024","2022","Census","Mesa (City, 2020)"
"Census Tract","04013420503","AZ","04013420503","=""04013420503""","24.64","2020-2024","2022","Census","Mesa (City, 2020)"
"Census Tract","04013420504","AZ","04013420504","=""04013420504""","27.40","2020-2024","2022","Census","Mesa (City, 2020)"
"Census Tract","04013420505","AZ","04013420505","=""04013420505""","33.79","2020-2024","2022","Census","Mesa (City, 2020)"
"Census Tract","04013420506","AZ","04013420506","=""04013420506""","31.69","2020-2024","2022","Census","Mesa (City, 2020)"
"Census Tract","04013420602","AZ","04013420602","=""04013420602""","39.83","2020-2024","2022","Census","Mesa (City, 2020)"
"Census Tract","04013420603","AZ","04013420603","=""04013420603""","41.98","2020-2024","2022","Census","Mesa (City, 2020)"
"Census Tract","04013420604","AZ","04013420604","=""04013420604""","44.06","2020-2024","2022","Census","Mesa (City, 2020)"
"Census Tract","04013420704","AZ","04013420704","=""04013420704""","37.05","2020-2024","2022","Census","Mesa (City, 2020)"
"Census Tract","04013420705","AZ","04013420705","=""04013420705""","56.24","2020-2024","2022","Census","Mesa (City, 2020)"
"Census Tract","04013420706","AZ","04013420706","=""04013420706""","42.46","2020-2024","2022","Census","Mesa (City, 2020)"
"Census Tract","04013420707","AZ","04013420707","=""04013420707""","31.68","2020-2024","2022","Census","Mesa (City, 2020)"
"Census Tract","04013420708","AZ","04013420708","=""04013420708""","19.72","2020-2024","2022","Census","Mesa (City, 2020)"
"Census Tract","04013420709","AZ","04013420709","=""04013420709""","33.10","2020-2024","2022","Census","Mesa (City, 2020)"
"Census Tract","04013420710","AZ","04013420710","=""04013420710""","33.14","2020-2024","2022","Census","Mesa (City, 2020)"
"Census Tract","04013420800","AZ","04013420800","=""04013420800""","28.13","2020-2024","2022","Census","Mesa (City, 2020)"
"Census Tract","04013420901","AZ","04013420901","=""04013420901""","22.42","2020-2024","2022","Census","Mesa (City, 2020)"
"Census Tract","04013420902","AZ","04013420902","=""04013420902""","31.13","2020-2024","2022","Census","Mesa (City, 2020)"
"Census Tract","04013421001","AZ","04013421001","=""04013421001""","27.62","2020-2024","2022","Census","Mesa (City, 2020)"
"Census Tract","04013421002","AZ","04013421002","=""04013421002""","30.20","2020-2024","2022","Census","Mesa (City, 2020)"
"Census Tract","04013421101","AZ","04013421101","=""04013421101""","24.40","2020-2024","2022","Census","Mesa (City, 2020)"
"Census Tract","04013421102","AZ","04013421102","=""04013421102""","32.97","2020-2024","2022","Census","Mesa (City, 2020)"
"Census Tract","04013421201","AZ","04013421201","=""04013421201""","32.15","2020-2024","2022","Census","Mesa (City, 2020)"
"Census Tract","04013421202","AZ","04013421202","=""04013421202""","32.02","2020-2024","2022","Census","Mesa (City, 2020)"
"Census Tract","04013421302","AZ","04013421302","=""04013421302""","22.05","2020-2024","2022","Census","Mesa (City, 2020)"
"Census Tract","04013421303","AZ","04013421303","=""04013421303""","19.31","2020-2024","2022","Census","Mesa (City, 2020)"
"Census Tract","04013421304","AZ","04013421304","=""04013421304""","31.70","2020-2024","2022","Census","Mesa (City, 2020)"
"Census Tract","04013421400","AZ","04013421400","=""04013421400""","32.40","2020-2024","2022","Census","Mesa (City, 2020)"
"Census Tract","04013421501","AZ","04013421501","=""04013421501""","18.74","2020-2024","2022","Census","Mesa (City, 2020)"
"Census Tract","04013421502","AZ","04013421502","=""04013421502""","16.34","2020-2024","2022","Census","Mesa (City, 2020)"
"Census Tract","04013421601","AZ","04013421601","=""04013421601""","20.71","2020-2024","2022","Census","Mesa (City, 2020)"
"Census Tract","04013421602","AZ","04013421602","=""04013421602""","15.71","2020-2024","2022","Census","Mesa (City, 2020)"
"Census Tract","04013421701","AZ","04013421701","=""04013421701""","21.71","2020-2024","2022","Census","Mesa (City, 2020)"
"Census Tract","04013421702","AZ","04013421702","=""04013421702""","24.22","2020-2024","2022","Census","Mesa (City, 2020)"
"Census Tract","04013421801","AZ","04013421801","=""04013421801""","12.10","2020-2024","2022","Census","Mesa (City, 2020)"
"Census Tract","04013421802","AZ","04013421802","=""04013421802""","12.79","2020-2024","2022","Census","Mesa (City, 2020)"
"Census Tract","04013421901","AZ","04013421901","=""04013421901""","13.57","2020-2024","2022","Census","Mesa (City, 2020)"
"Census Tract","04013421902","AZ","04013421902","=""04013421902""","4.37","2020-2024","2022","Census","Mesa (City, 2020)"
"Census Tract","04013422001","AZ","04013422001","=""04013422001""","5.98","2020-2024","2022","Census","Mesa (City, 2020)"
"Census Tract","04013422002","AZ","04013422002","=""04013422002""","13.23","2020-2024","2022","Census","Mesa (City, 2020)"
"Census Tract","04013422102","AZ","04013422102","=""04013422102""","18.68","2020-2024","2022","Census","Mesa (City, 2020)"
"Census Tract","04013422103","AZ","04013422103","=""04013422103""","22.23","2020-2024","2022","Census","Mesa (City, 2020)"
"Census Tract","04013422104","AZ","04013422104","=""04013422104""","26.21","2020-2024","2022","Census","Mesa (City, 2020)"
"Census Tract","04013422105","AZ","04013422105","=""04013422105""","26.05","2020-2024","2022","Census","Mesa (City, 2020)"
"Census Tract","04013422106","AZ","04013422106","=""04013422106""","11.41","2020-2024","2022","Census","Mesa (City, 2020)"
"Census Tract","04013422107","AZ","04013422107","=""04013422107""","35.03","2020-2024","2022","Census","Mesa (City, 2020)"
"Census Tract","04013422203","AZ","04013422203","=""04013422203""","24.98","2020-2024","2022","Census","Mesa (City, 2020)"
"Census Tract","04013422212","AZ","04013422212","=""04013422212""","52.29","2020-2024","2022","Census","Mesa (City, 2020)"
"Census Tract","04013422213","AZ","04013422213","=""04013422213""","45.36","2020-2024","2022","Census","Mesa (City, 2020)"
"Census Tract","04013422215","AZ","04013422215","=""04013422215""","25.47","2020-2024","2022","Census","Mesa (City, 2020)"
"Census Tract","04013422216","AZ","04013422216","=""04013422216""","47.17","2020-2024","2022","Census","Mesa (City, 2020)"
"Census Tract","04013422217","AZ","04013422217","=""04013422217""","36.36","2020-2024","2022","Census","Mesa (City, 2020)"
"Census Tract","04013422221","AZ","04013422221","=""04013422221""","30.31","2020-2024","2022","Census","Mesa (City, 2020)"
"Census Tract","04013422222","AZ","04013422222","=""04013422222""","59.89","2020-2024","2022","Census","Mesa (City, 2020)"
"Census Tract","04013422223","AZ","04013422223","=""04013422223""","35.17","2020-2024","2022","Census","Mesa (City, 2020)"
"Census Tract","04013422224","AZ","04013422224","=""04013422224""","N/A","2020-2024","2022","Census","Mesa (City, 2020)"
"Census Tract","04013422225","AZ","04013422225","=""04013422225""","N/A","2020-2024","2022","Census","Mesa (City, 2020)"
"Census Tract","04013422226","AZ","04013422226","=""04013422226""","N/A","2020-2024","2022","Census","Mesa (City, 2020)"
"Census Tract","04013422227","AZ","04013422227","=""04013422227""","48.08","2020-2024","2022","Census","Mesa (City, 2020)"
"Census Tract","04013422301","AZ","04013422301","=""04013422301""","20.83","2020-2024","2022","Census","Mesa (City, 2020)"
"Census Tract","04013422302","AZ","04013422302","=""04013422302""","18.12","2020-2024","2022","Census","Mesa (City, 2020)"
"Census Tract","04013422501","AZ","04013422501","=""04013422501""","26.21","2020-2024","2022","Census","Mesa (City, 2020)"
"Census Tract","04013422502","AZ","04013422502","=""04013422502""","28.56","2020-2024","2022","Census","Mesa (City, 2020)"
"Census Tract","04013422503","AZ","04013422503","=""04013422503""","24.05","2020-2024","2022","Census","Mesa (City, 2020)"
"Census Tract","04013422504","AZ","04013422504","=""04013422504""","30.85","2020-2024","2022","Census","Mesa (City, 2020)"
"Census Tract","04013422513","AZ","04013422513","=""04013422513""","25.63","2020-2024","2022","Census","Mesa (City, 2020)"
"Census Tract","04013422514","AZ","04013422514","=""04013422514""","42.94","2020-2024","2022","Census","Mesa (City, 2020)"
"Census Tract","04013422607","AZ","04013422607","=""04013422607""","29.50","2020-2024","2022","Census","Mesa (City, 2020)"
"Census Tract","04013422609","AZ","04013422609","=""04013422609""","25.04","2020-2024","2022","Census","Mesa (City, 2020)"
"Census Tract","04013422610","AZ","04013422610","=""04013422610""","25.14","2020-2024","2022","Census","Mesa (City, 2020)"
"Census Tract","04013422615","AZ","04013422615","=""04013422615""","39.75","2020-2024","2022","Census","Mesa (City, 2020)"
"Census Tract","04013422617","AZ","04013422617","=""04013422617""","40.59","2020-2024","2022","Census","Mesa (City, 2020)"
"Census Tract","04013422618","AZ","04013422618","=""04013422618""","30.48","2020-2024","2022","Census","Mesa (City, 2020)"
"Census Tract","04013422624","AZ","04013422624","=""04013422624""","29.81","2020-2024","2022","Census","Mesa (City, 2020)"
"Census Tract","04013422625","AZ","04013422625","=""04013422625""","12.71","2020-2024","2022","Census","Mesa (City, 2020)"
"Census Tract","04013422626","AZ","04013422626","=""04013422626""","17.61","2020-2024","2022","Census","Mesa (City, 2020)"
"Census Tract","04013422633","AZ","04013422633","=""04013422633""","22.22","2020-2024","2022","Census","Mesa (City, 2020)"
"Census Tract","04013422634","AZ","04013422634","=""04013422634""","19.44","2020-2024","2022","Census","Mesa (City, 2020)"
"Census Tract","04013422636","AZ","04013422636","=""04013422636""","30.53","2020-2024","2022","Census","Mesa (City, 2020)"
"Census Tract","04013422637","AZ","04013422637","=""04013422637""","33.35","2020-2024","2022","Census","Mesa (City, 2020)"
"Census Tract","04013422638","AZ","04013422638","=""04013422638""","36.49","2020-2024","2022","Census","Mesa (City, 2020)"
"Census Tract","04013422640","AZ","04013422640","=""04013422640""","40.72","2020-2024","2022","Census","Mesa (City, 2020)"
"Census Tract","04013422642","AZ","04013422642","=""04013422642""","39.15","2020-2024","2022","Census","Mesa (City, 2020)"
"Census Tract","04013422643","AZ","04013422643","=""04013422643""","30.16","2020-2024","2022","Census","Mesa (City, 2020)"
"Census Tract","04013422647","AZ","04013422647","=""04013422647""","57.65","2020-2024","2022","Census","Mesa (City, 2020)"
"Census Tract","04013422648","AZ","04013422648","=""04013422648""","36.98","2020-2024","2022","Census","Mesa (City, 2020)"
"Census Tract","04013422649","AZ","04013422649","=""04013422649""","32.53","2020-2024","2022","Census","Mesa (City, 2020)"
"Census Tract","04013422650","AZ","04013422650","=""04013422650""","22.51","2020-2024","2022","Census","Mesa (City, 2020)"
"Census Tract","04013422651","AZ","04013422651","=""04013422651""","40.52","2020-2024","2022","Census","Mesa (City, 2020)"
"Census Tract","04013422652","AZ","04013422652","=""04013422652""","38.69","2020-2024","2022","Census","Mesa (City, 2020)"
"Census Tract","04013422654","AZ","04013422654","=""04013422654""","40.65","2020-2024","2022","Census","Mesa (City, 2020)"
"Census Tract","04013422655","AZ","04013422655","=""04013422655""","30.63","2020-2024","2022","Census","Mesa (City, 2020)"
"Census Tract","04013422659","AZ","04013422659","=""04013422659""","30.69","2020-2024","2022","Census","Mesa (City, 2020)"
"Census Tract","04013422660","AZ","04013422660","=""04013422660""","32.85","2020-2024","2022","Census","Mesa (City, 2020)"
"Census Tract","04013522801","AZ","04013522801","=""04013522801""","N/A","2020-2024","2022","Census","Mesa (City, 2020)"
"Census Tract","04013522802","AZ","04013522802","=""04013522802""","29.05","2020-2024","2022","Census","Mesa (City, 2020)"
"Census Tract","04013817600","AZ","04013817600","=""04013817600""","53.64","2020-2024","2022","Census","Mesa (City, 2020)"
