"GeoID_Description","GeoID_Name","SitsinState","GeoID","GeoID_Formatted","ptranmv","TimeFrame","GeoVintage","Source","Location"
"Census Tract","04013420104","AZ","04013420104","=""04013420104""","87.13","2020-2024","2022","Census","Mesa (City, 2020)"
"Census Tract","04013420105","AZ","04013420105","=""04013420105""","67.98","2020-2024","2022","Census","Mesa (City, 2020)"
"Census Tract","04013420107","AZ","04013420107","=""04013420107""","58.62","2020-2024","2022","Census","Mesa (City, 2020)"
"Census Tract","04013420109","AZ","04013420109","=""04013420109""","78.81","2020-2024","2022","Census","Mesa (City, 2020)"
"Census Tract","04013420112","AZ","04013420112","=""04013420112""","82.77","2020-2024","2022","Census","Mesa (City, 2020)"
"Census Tract","04013420113","AZ","04013420113","=""04013420113""","76.77","2020-2024","2022","Census","Mesa (City, 2020)"
"Census Tract","04013420206","AZ","04013420206","=""04013420206""","77.82","2020-2024","2022","Census","Mesa (City, 2020)"
"Census Tract","04013420207","AZ","04013420207","=""04013420207""","69.55","2020-2024","2022","Census","Mesa (City, 2020)"
"Census Tract","04013420208","AZ","04013420208","=""04013420208""","75.59","2020-2024","2022","Census","Mesa (City, 2020)"
"Census Tract","04013420210","AZ","04013420210","=""04013420210""","85.49","2020-2024","2022","Census","Mesa (City, 2020)"
"Census Tract","04013420211","AZ","04013420211","=""04013420211""","77.25","2020-2024","2022","Census","Mesa (City, 2020)"
"Census Tract","04013420212","AZ","04013420212","=""04013420212""","78.46","2020-2024","2022","Census","Mesa (City, 2020)"
"Census Tract","04013420213","AZ","04013420213","=""04013420213""","59.10","2020-2024","2022","Census","Mesa (City, 2020)"
"Census Tract","04013420215","AZ","04013420215","=""04013420215""","86.72","2020-2024","2022","Census","Mesa (City, 2020)"
"Census Tract","04013420216","AZ","04013420216","=""04013420216""","73.44","2020-2024","2022","Census","Mesa (City, 2020)"
"Census Tract","04013420301","AZ","04013420301","=""04013420301""","66.89","2020-2024","2022","Census","Mesa (City, 2020)"
"Census Tract","04013420302","AZ","04013420302","=""04013420302""","72.83","2020-2024","2022","Census","Mesa (City, 2020)"
"Census Tract","04013420303","AZ","04013420303","=""04013420303""","76.49","2020-2024","2022","Census","Mesa (City, 2020)"
"Census Tract","04013420304","AZ","04013420304","=""04013420304""","81.86","2020-2024","2022","Census","Mesa (City, 2020)"
"Census Tract","04013420401","AZ","04013420401","=""04013420401""","85.74","2020-2024","2022","Census","Mesa (City, 2020)"
"Census Tract","04013420402","AZ","04013420402","=""04013420402""","74.27","2020-2024","2022","Census","Mesa (City, 2020)"
"Census Tract","04013420503","AZ","04013420503","=""04013420503""","81.65","2020-2024","2022","Census","Mesa (City, 2020)"
"Census Tract","04013420504","AZ","04013420504","=""04013420504""","77.74","2020-2024","2022","Census","Mesa (City, 2020)"
"Census Tract","04013420505","AZ","04013420505","=""04013420505""","81.55","2020-2024","2022","Census","Mesa (City, 2020)"
"Census Tract","04013420506","AZ","04013420506","=""04013420506""","74.62","2020-2024","2022","Census","Mesa (City, 2020)"
"Census Tract","04013420602","AZ","04013420602","=""04013420602""","83.13","2020-2024","2022","Census","Mesa (City, 2020)"
"Census Tract","04013420603","AZ","04013420603","=""04013420603""","78.78","2020-2024","2022","Census","Mesa (City, 2020)"
"Census Tract","04013420604","AZ","04013420604","=""04013420604""","70.42","2020-2024","2022","Census","Mesa (City, 2020)"
"Census Tract","04013420704","AZ","04013420704","=""04013420704""","74.65","2020-2024","2022","Census","Mesa (City, 2020)"
"Census Tract","04013420705","AZ","04013420705","=""04013420705""","78.96","2020-2024","2022","Census","Mesa (City, 2020)"
"Census Tract","04013420706","AZ","04013420706","=""04013420706""","78.19","2020-2024","2022","Census","Mesa (City, 2020)"
"Census Tract","04013420707","AZ","04013420707","=""04013420707""","81.98","2020-2024","2022","Census","Mesa (City, 2020)"
"Census Tract","04013420708","AZ","04013420708","=""04013420708""","77.98","2020-2024","2022","Census","Mesa (City, 2020)"
"Census Tract","04013420709","AZ","04013420709","=""04013420709""","77.26","2020-2024","2022","Census","Mesa (City, 2020)"
"Census Tract","04013420710","AZ","04013420710","=""04013420710""","84.00","2020-2024","2022","Census","Mesa (City, 2020)"
"Census Tract","04013420800","AZ","04013420800","=""04013420800""","82.57","2020-2024","2022","Census","Mesa (City, 2020)"
"Census Tract","04013420901","AZ","04013420901","=""04013420901""","81.82","2020-2024","2022","Census","Mesa (City, 2020)"
"Census Tract","04013420902","AZ","04013420902","=""04013420902""","89.57","2020-2024","2022","Census","Mesa (City, 2020)"
"Census Tract","04013421001","AZ","04013421001","=""04013421001""","78.03","2020-2024","2022","Census","Mesa (City, 2020)"
"Census Tract","04013421002","AZ","04013421002","=""04013421002""","75.18","2020-2024","2022","Census","Mesa (City, 2020)"
"Census Tract","04013421101","AZ","04013421101","=""04013421101""","84.34","2020-2024","2022","Census","Mesa (City, 2020)"
"Census Tract","04013421102","AZ","04013421102","=""04013421102""","82.09","2020-2024","2022","Census","Mesa (City, 2020)"
"Census Tract","04013421201","AZ","04013421201","=""04013421201""","80.93","2020-2024","2022","Census","Mesa (City, 2020)"
"Census Tract","04013421202","AZ","04013421202","=""04013421202""","69.85","2020-2024","2022","Census","Mesa (City, 2020)"
"Census Tract","04013421302","AZ","04013421302","=""04013421302""","83.35","2020-2024","2022","Census","Mesa (City, 2020)"
"Census Tract","04013421303","AZ","04013421303","=""04013421303""","86.16","2020-2024","2022","Census","Mesa (City, 2020)"
"Census Tract","04013421304","AZ","04013421304","=""04013421304""","68.10","2020-2024","2022","Census","Mesa (City, 2020)"
"Census Tract","04013421400","AZ","04013421400","=""04013421400""","73.10","2020-2024","2022","Census","Mesa (City, 2020)"
"Census Tract","04013421501","AZ","04013421501","=""04013421501""","85.06","2020-2024","2022","Census","Mesa (City, 2020)"
"Census Tract","04013421502","AZ","04013421502","=""04013421502""","83.94","2020-2024","2022","Census","Mesa (City, 2020)"
"Census Tract","04013421601","AZ","04013421601","=""04013421601""","80.90","2020-2024","2022","Census","Mesa (City, 2020)"
"Census Tract","04013421602","AZ","04013421602","=""04013421602""","83.95","2020-2024","2022","Census","Mesa (City, 2020)"
"Census Tract","04013421701","AZ","04013421701","=""04013421701""","78.30","2020-2024","2022","Census","Mesa (City, 2020)"
"Census Tract","04013421702","AZ","04013421702","=""04013421702""","88.35","2020-2024","2022","Census","Mesa (City, 2020)"
"Census Tract","04013421801","AZ","04013421801","=""04013421801""","66.60","2020-2024","2022","Census","Mesa (City, 2020)"
"Census Tract","04013421802","AZ","04013421802","=""04013421802""","83.61","2020-2024","2022","Census","Mesa (City, 2020)"
"Census Tract","04013421901","AZ","04013421901","=""04013421901""","86.53","2020-2024","2022","Census","Mesa (City, 2020)"
"Census Tract","04013421902","AZ","04013421902","=""04013421902""","89.04","2020-2024","2022","Census","Mesa (City, 2020)"
"Census Tract","04013422001","AZ","04013422001","=""04013422001""","93.67","2020-2024","2022","Census","Mesa (City, 2020)"
"Census Tract","04013422002","AZ","04013422002","=""04013422002""","85.29","2020-2024","2022","Census","Mesa (City, 2020)"
"Census Tract","04013422102","AZ","04013422102","=""04013422102""","87.26","2020-2024","2022","Census","Mesa (City, 2020)"
"Census Tract","04013422103","AZ","04013422103","=""04013422103""","82.04","2020-2024","2022","Census","Mesa (City, 2020)"
"Census Tract","04013422104","AZ","04013422104","=""04013422104""","70.89","2020-2024","2022","Census","Mesa (City, 2020)"
"Census Tract","04013422105","AZ","04013422105","=""04013422105""","79.16","2020-2024","2022","Census","Mesa (City, 2020)"
"Census Tract","04013422106","AZ","04013422106","=""04013422106""","76.34","2020-2024","2022","Census","Mesa (City, 2020)"
"Census Tract","04013422107","AZ","04013422107","=""04013422107""","75.64","2020-2024","2022","Census","Mesa (City, 2020)"
"Census Tract","04013422203","AZ","04013422203","=""04013422203""","75.35","2020-2024","2022","Census","Mesa (City, 2020)"
"Census Tract","04013422212","AZ","04013422212","=""04013422212""","67.20","2020-2024","2022","Census","Mesa (City, 2020)"
"Census Tract","04013422213","AZ","04013422213","=""04013422213""","67.54","2020-2024","2022","Census","Mesa (City, 2020)"
"Census Tract","04013422215","AZ","04013422215","=""04013422215""","80.93","2020-2024","2022","Census","Mesa (City, 2020)"
"Census Tract","04013422216","AZ","04013422216","=""04013422216""","83.86","2020-2024","2022","Census","Mesa (City, 2020)"
"Census Tract","04013422217","AZ","04013422217","=""04013422217""","79.91","2020-2024","2022","Census","Mesa (City, 2020)"
"Census Tract","04013422221","AZ","04013422221","=""04013422221""","65.85","2020-2024","2022","Census","Mesa (City, 2020)"
"Census Tract","04013422222","AZ","04013422222","=""04013422222""","64.78","2020-2024","2022","Census","Mesa (City, 2020)"
"Census Tract","04013422223","AZ","04013422223","=""04013422223""","72.98","2020-2024","2022","Census","Mesa (City, 2020)"
"Census Tract","04013422224","AZ","04013422224","=""04013422224""","N/A","2020-2024","2022","Census","Mesa (City, 2020)"
"Census Tract","04013422225","AZ","04013422225","=""04013422225""","N/A","2020-2024","2022","Census","Mesa (City, 2020)"
"Census Tract","04013422226","AZ","04013422226","=""04013422226""","N/A","2020-2024","2022","Census","Mesa (City, 2020)"
"Census Tract","04013422227","AZ","04013422227","=""04013422227""","63.22","2020-2024","2022","Census","Mesa (City, 2020)"
"Census Tract","04013422301","AZ","04013422301","=""04013422301""","88.36","2020-2024","2022","Census","Mesa (City, 2020)"
"Census Tract","04013422302","AZ","04013422302","=""04013422302""","76.11","2020-2024","2022","Census","Mesa (City, 2020)"
"Census Tract","04013422501","AZ","04013422501","=""04013422501""","86.04","2020-2024","2022","Census","Mesa (City, 2020)"
"Census Tract","04013422502","AZ","04013422502","=""04013422502""","81.97","2020-2024","2022","Census","Mesa (City, 2020)"
"Census Tract","04013422503","AZ","04013422503","=""04013422503""","72.92","2020-2024","2022","Census","Mesa (City, 2020)"
"Census Tract","04013422504","AZ","04013422504","=""04013422504""","77.21","2020-2024","2022","Census","Mesa (City, 2020)"
"Census Tract","04013422513","AZ","04013422513","=""04013422513""","73.41","2020-2024","2022","Census","Mesa (City, 2020)"
"Census Tract","04013422514","AZ","04013422514","=""04013422514""","73.01","2020-2024","2022","Census","Mesa (City, 2020)"
"Census Tract","04013422607","AZ","04013422607","=""04013422607""","79.89","2020-2024","2022","Census","Mesa (City, 2020)"
"Census Tract","04013422609","AZ","04013422609","=""04013422609""","78.84","2020-2024","2022","Census","Mesa (City, 2020)"
"Census Tract","04013422610","AZ","04013422610","=""04013422610""","84.62","2020-2024","2022","Census","Mesa (City, 2020)"
"Census Tract","04013422615","AZ","04013422615","=""04013422615""","82.84","2020-2024","2022","Census","Mesa (City, 2020)"
"Census Tract","04013422617","AZ","04013422617","=""04013422617""","68.27","2020-2024","2022","Census","Mesa (City, 2020)"
"Census Tract","04013422618","AZ","04013422618","=""04013422618""","89.53","2020-2024","2022","Census","Mesa (City, 2020)"
"Census Tract","04013422624","AZ","04013422624","=""04013422624""","58.79","2020-2024","2022","Census","Mesa (City, 2020)"
"Census Tract","04013422625","AZ","04013422625","=""04013422625""","83.52","2020-2024","2022","Census","Mesa (City, 2020)"
"Census Tract","04013422626","AZ","04013422626","=""04013422626""","78.44","2020-2024","2022","Census","Mesa (City, 2020)"
"Census Tract","04013422633","AZ","04013422633","=""04013422633""","83.90","2020-2024","2022","Census","Mesa (City, 2020)"
"Census Tract","04013422634","AZ","04013422634","=""04013422634""","88.86","2020-2024","2022","Census","Mesa (City, 2020)"
"Census Tract","04013422636","AZ","04013422636","=""04013422636""","79.44","2020-2024","2022","Census","Mesa (City, 2020)"
"Census Tract","04013422637","AZ","04013422637","=""04013422637""","75.01","2020-2024","2022","Census","Mesa (City, 2020)"
"Census Tract","04013422638","AZ","04013422638","=""04013422638""","80.40","2020-2024","2022","Census","Mesa (City, 2020)"
"Census Tract","04013422640","AZ","04013422640","=""04013422640""","72.81","2020-2024","2022","Census","Mesa (City, 2020)"
"Census Tract","04013422642","AZ","04013422642","=""04013422642""","69.64","2020-2024","2022","Census","Mesa (City, 2020)"
"Census Tract","04013422643","AZ","04013422643","=""04013422643""","82.20","2020-2024","2022","Census","Mesa (City, 2020)"
"Census Tract","04013422647","AZ","04013422647","=""04013422647""","61.51","2020-2024","2022","Census","Mesa (City, 2020)"
"Census Tract","04013422648","AZ","04013422648","=""04013422648""","71.93","2020-2024","2022","Census","Mesa (City, 2020)"
"Census Tract","04013422649","AZ","04013422649","=""04013422649""","71.87","2020-2024","2022","Census","Mesa (City, 2020)"
"Census Tract","04013422650","AZ","04013422650","=""04013422650""","76.48","2020-2024","2022","Census","Mesa (City, 2020)"
"Census Tract","04013422651","AZ","04013422651","=""04013422651""","67.85","2020-2024","2022","Census","Mesa (City, 2020)"
"Census Tract","04013422652","AZ","04013422652","=""04013422652""","77.81","2020-2024","2022","Census","Mesa (City, 2020)"
"Census Tract","04013422654","AZ","04013422654","=""04013422654""","68.50","2020-2024","2022","Census","Mesa (City, 2020)"
"Census Tract","04013422655","AZ","04013422655","=""04013422655""","80.55","2020-2024","2022","Census","Mesa (City, 2020)"
"Census Tract","04013422659","AZ","04013422659","=""04013422659""","71.80","2020-2024","2022","Census","Mesa (City, 2020)"
"Census Tract","04013422660","AZ","04013422660","=""04013422660""","73.48","2020-2024","2022","Census","Mesa (City, 2020)"
"Census Tract","04013522801","AZ","04013522801","=""04013522801""","N/A","2020-2024","2022","Census","Mesa (City, 2020)"
"Census Tract","04013522802","AZ","04013522802","=""04013522802""","59.38","2020-2024","2022","Census","Mesa (City, 2020)"
"Census Tract","04013817600","AZ","04013817600","=""04013817600""","66.14","2020-2024","2022","Census","Mesa (City, 2020)"
