"GeoID_Description","GeoID_Name","SitsinState","GeoID","GeoID_Formatted","mhhinc","TimeFrame","GeoVintage","Source","Location"
"Census Tract","04013420104","AZ","04013420104","=""04013420104""","101172","2020-2024","2022","Census","Mesa (City, 2020)"
"Census Tract","04013420105","AZ","04013420105","=""04013420105""","117853","2020-2024","2022","Census","Mesa (City, 2020)"
"Census Tract","04013420107","AZ","04013420107","=""04013420107""","146985","2020-2024","2022","Census","Mesa (City, 2020)"
"Census Tract","04013420109","AZ","04013420109","=""04013420109""","129375","2020-2024","2022","Census","Mesa (City, 2020)"
"Census Tract","04013420112","AZ","04013420112","=""04013420112""","100156","2020-2024","2022","Census","Mesa (City, 2020)"
"Census Tract","04013420113","AZ","04013420113","=""04013420113""","45511","2020-2024","2022","Census","Mesa (City, 2020)"
"Census Tract","04013420206","AZ","04013420206","=""04013420206""","62500","2020-2024","2022","Census","Mesa (City, 2020)"
"Census Tract","04013420207","AZ","04013420207","=""04013420207""","167656","2020-2024","2022","Census","Mesa (City, 2020)"
"Census Tract","04013420208","AZ","04013420208","=""04013420208""","106302","2020-2024","2022","Census","Mesa (City, 2020)"
"Census Tract","04013420210","AZ","04013420210","=""04013420210""","101344","2020-2024","2022","Census","Mesa (City, 2020)"
"Census Tract","04013420211","AZ","04013420211","=""04013420211""","133520","2020-2024","2022","Census","Mesa (City, 2020)"
"Census Tract","04013420212","AZ","04013420212","=""04013420212""","100188","2020-2024","2022","Census","Mesa (City, 2020)"
"Census Tract","04013420213","AZ","04013420213","=""04013420213""","57566","2020-2024","2022","Census","Mesa (City, 2020)"
"Census Tract","04013420215","AZ","04013420215","=""04013420215""","131833","2020-2024","2022","Census","Mesa (City, 2020)"
"Census Tract","04013420216","AZ","04013420216","=""04013420216""","74129","2020-2024","2022","Census","Mesa (City, 2020)"
"Census Tract","04013420301","AZ","04013420301","=""04013420301""","138580","2020-2024","2022","Census","Mesa (City, 2020)"
"Census Tract","04013420302","AZ","04013420302","=""04013420302""","133309","2020-2024","2022","Census","Mesa (City, 2020)"
"Census Tract","04013420303","AZ","04013420303","=""04013420303""","110213","2020-2024","2022","Census","Mesa (City, 2020)"
"Census Tract","04013420304","AZ","04013420304","=""04013420304""","205833","2020-2024","2022","Census","Mesa (City, 2020)"
"Census Tract","04013420401","AZ","04013420401","=""04013420401""","57625","2020-2024","2022","Census","Mesa (City, 2020)"
"Census Tract","04013420402","AZ","04013420402","=""04013420402""","160000","2020-2024","2022","Census","Mesa (City, 2020)"
"Census Tract","04013420503","AZ","04013420503","=""04013420503""","65357","2020-2024","2022","Census","Mesa (City, 2020)"
"Census Tract","04013420504","AZ","04013420504","=""04013420504""","86814","2020-2024","2022","Census","Mesa (City, 2020)"
"Census Tract","04013420505","AZ","04013420505","=""04013420505""","106375","2020-2024","2022","Census","Mesa (City, 2020)"
"Census Tract","04013420506","AZ","04013420506","=""04013420506""","56138","2020-2024","2022","Census","Mesa (City, 2020)"
"Census Tract","04013420602","AZ","04013420602","=""04013420602""","123824","2020-2024","2022","Census","Mesa (City, 2020)"
"Census Tract","04013420603","AZ","04013420603","=""04013420603""","109107","2020-2024","2022","Census","Mesa (City, 2020)"
"Census Tract","04013420604","AZ","04013420604","=""04013420604""","107188","2020-2024","2022","Census","Mesa (City, 2020)"
"Census Tract","04013420704","AZ","04013420704","=""04013420704""","101198","2020-2024","2022","Census","Mesa (City, 2020)"
"Census Tract","04013420705","AZ","04013420705","=""04013420705""","166458","2020-2024","2022","Census","Mesa (City, 2020)"
"Census Tract","04013420706","AZ","04013420706","=""04013420706""","106186","2020-2024","2022","Census","Mesa (City, 2020)"
"Census Tract","04013420707","AZ","04013420707","=""04013420707""","60995","2020-2024","2022","Census","Mesa (City, 2020)"
"Census Tract","04013420708","AZ","04013420708","=""04013420708""","50934","2020-2024","2022","Census","Mesa (City, 2020)"
"Census Tract","04013420709","AZ","04013420709","=""04013420709""","48900","2020-2024","2022","Census","Mesa (City, 2020)"
"Census Tract","04013420710","AZ","04013420710","=""04013420710""","58729","2020-2024","2022","Census","Mesa (City, 2020)"
"Census Tract","04013420800","AZ","04013420800","=""04013420800""","85396","2020-2024","2022","Census","Mesa (City, 2020)"
"Census Tract","04013420901","AZ","04013420901","=""04013420901""","70721","2020-2024","2022","Census","Mesa (City, 2020)"
"Census Tract","04013420902","AZ","04013420902","=""04013420902""","101275","2020-2024","2022","Census","Mesa (City, 2020)"
"Census Tract","04013421001","AZ","04013421001","=""04013421001""","51601","2020-2024","2022","Census","Mesa (City, 2020)"
"Census Tract","04013421002","AZ","04013421002","=""04013421002""","52171","2020-2024","2022","Census","Mesa (City, 2020)"
"Census Tract","04013421101","AZ","04013421101","=""04013421101""","78860","2020-2024","2022","Census","Mesa (City, 2020)"
"Census Tract","04013421102","AZ","04013421102","=""04013421102""","92745","2020-2024","2022","Census","Mesa (City, 2020)"
"Census Tract","04013421201","AZ","04013421201","=""04013421201""","84578","2020-2024","2022","Census","Mesa (City, 2020)"
"Census Tract","04013421202","AZ","04013421202","=""04013421202""","93056","2020-2024","2022","Census","Mesa (City, 2020)"
"Census Tract","04013421302","AZ","04013421302","=""04013421302""","59015","2020-2024","2022","Census","Mesa (City, 2020)"
"Census Tract","04013421303","AZ","04013421303","=""04013421303""","74916","2020-2024","2022","Census","Mesa (City, 2020)"
"Census Tract","04013421304","AZ","04013421304","=""04013421304""","52433","2020-2024","2022","Census","Mesa (City, 2020)"
"Census Tract","04013421400","AZ","04013421400","=""04013421400""","49958","2020-2024","2022","Census","Mesa (City, 2020)"
"Census Tract","04013421501","AZ","04013421501","=""04013421501""","50475","2020-2024","2022","Census","Mesa (City, 2020)"
"Census Tract","04013421502","AZ","04013421502","=""04013421502""","55023","2020-2024","2022","Census","Mesa (City, 2020)"
"Census Tract","04013421601","AZ","04013421601","=""04013421601""","85795","2020-2024","2022","Census","Mesa (City, 2020)"
"Census Tract","04013421602","AZ","04013421602","=""04013421602""","46228","2020-2024","2022","Census","Mesa (City, 2020)"
"Census Tract","04013421701","AZ","04013421701","=""04013421701""","58696","2020-2024","2022","Census","Mesa (City, 2020)"
"Census Tract","04013421702","AZ","04013421702","=""04013421702""","48647","2020-2024","2022","Census","Mesa (City, 2020)"
"Census Tract","04013421801","AZ","04013421801","=""04013421801""","75598","2020-2024","2022","Census","Mesa (City, 2020)"
"Census Tract","04013421802","AZ","04013421802","=""04013421802""","68875","2020-2024","2022","Census","Mesa (City, 2020)"
"Census Tract","04013421901","AZ","04013421901","=""04013421901""","81821","2020-2024","2022","Census","Mesa (City, 2020)"
"Census Tract","04013421902","AZ","04013421902","=""04013421902""","54865","2020-2024","2022","Census","Mesa (City, 2020)"
"Census Tract","04013422001","AZ","04013422001","=""04013422001""","58194","2020-2024","2022","Census","Mesa (City, 2020)"
"Census Tract","04013422002","AZ","04013422002","=""04013422002""","49774","2020-2024","2022","Census","Mesa (City, 2020)"
"Census Tract","04013422102","AZ","04013422102","=""04013422102""","45357","2020-2024","2022","Census","Mesa (City, 2020)"
"Census Tract","04013422103","AZ","04013422103","=""04013422103""","52778","2020-2024","2022","Census","Mesa (City, 2020)"
"Census Tract","04013422104","AZ","04013422104","=""04013422104""","66726","2020-2024","2022","Census","Mesa (City, 2020)"
"Census Tract","04013422105","AZ","04013422105","=""04013422105""","76852","2020-2024","2022","Census","Mesa (City, 2020)"
"Census Tract","04013422106","AZ","04013422106","=""04013422106""","58093","2020-2024","2022","Census","Mesa (City, 2020)"
"Census Tract","04013422107","AZ","04013422107","=""04013422107""","65766","2020-2024","2022","Census","Mesa (City, 2020)"
"Census Tract","04013422203","AZ","04013422203","=""04013422203""","54324","2020-2024","2022","Census","Mesa (City, 2020)"
"Census Tract","04013422212","AZ","04013422212","=""04013422212""","104861","2020-2024","2022","Census","Mesa (City, 2020)"
"Census Tract","04013422213","AZ","04013422213","=""04013422213""","120400","2020-2024","2022","Census","Mesa (City, 2020)"
"Census Tract","04013422215","AZ","04013422215","=""04013422215""","85042","2020-2024","2022","Census","Mesa (City, 2020)"
"Census Tract","04013422216","AZ","04013422216","=""04013422216""","90903","2020-2024","2022","Census","Mesa (City, 2020)"
"Census Tract","04013422217","AZ","04013422217","=""04013422217""","91250","2020-2024","2022","Census","Mesa (City, 2020)"
"Census Tract","04013422221","AZ","04013422221","=""04013422221""","72047","2020-2024","2022","Census","Mesa (City, 2020)"
"Census Tract","04013422222","AZ","04013422222","=""04013422222""","121786","2020-2024","2022","Census","Mesa (City, 2020)"
"Census Tract","04013422223","AZ","04013422223","=""04013422223""","64500","2020-2024","2022","Census","Mesa (City, 2020)"
"Census Tract","04013422224","AZ","04013422224","=""04013422224""","N/A","2020-2024","2022","Census","Mesa (City, 2020)"
"Census Tract","04013422225","AZ","04013422225","=""04013422225""","N/A","2020-2024","2022","Census","Mesa (City, 2020)"
"Census Tract","04013422226","AZ","04013422226","=""04013422226""","N/A","2020-2024","2022","Census","Mesa (City, 2020)"
"Census Tract","04013422227","AZ","04013422227","=""04013422227""","77171","2020-2024","2022","Census","Mesa (City, 2020)"
"Census Tract","04013422301","AZ","04013422301","=""04013422301""","68154","2020-2024","2022","Census","Mesa (City, 2020)"
"Census Tract","04013422302","AZ","04013422302","=""04013422302""","71983","2020-2024","2022","Census","Mesa (City, 2020)"
"Census Tract","04013422501","AZ","04013422501","=""04013422501""","94871","2020-2024","2022","Census","Mesa (City, 2020)"
"Census Tract","04013422502","AZ","04013422502","=""04013422502""","85054","2020-2024","2022","Census","Mesa (City, 2020)"
"Census Tract","04013422503","AZ","04013422503","=""04013422503""","87926","2020-2024","2022","Census","Mesa (City, 2020)"
"Census Tract","04013422504","AZ","04013422504","=""04013422504""","87568","2020-2024","2022","Census","Mesa (City, 2020)"
"Census Tract","04013422513","AZ","04013422513","=""04013422513""","110707","2020-2024","2022","Census","Mesa (City, 2020)"
"Census Tract","04013422514","AZ","04013422514","=""04013422514""","85335","2020-2024","2022","Census","Mesa (City, 2020)"
"Census Tract","04013422607","AZ","04013422607","=""04013422607""","54077","2020-2024","2022","Census","Mesa (City, 2020)"
"Census Tract","04013422609","AZ","04013422609","=""04013422609""","72132","2020-2024","2022","Census","Mesa (City, 2020)"
"Census Tract","04013422610","AZ","04013422610","=""04013422610""","50486","2020-2024","2022","Census","Mesa (City, 2020)"
"Census Tract","04013422615","AZ","04013422615","=""04013422615""","110221","2020-2024","2022","Census","Mesa (City, 2020)"
"Census Tract","04013422617","AZ","04013422617","=""04013422617""","121383","2020-2024","2022","Census","Mesa (City, 2020)"
"Census Tract","04013422618","AZ","04013422618","=""04013422618""","60813","2020-2024","2022","Census","Mesa (City, 2020)"
"Census Tract","04013422624","AZ","04013422624","=""04013422624""","57652","2020-2024","2022","Census","Mesa (City, 2020)"
"Census Tract","04013422625","AZ","04013422625","=""04013422625""","51033","2020-2024","2022","Census","Mesa (City, 2020)"
"Census Tract","04013422626","AZ","04013422626","=""04013422626""","53278","2020-2024","2022","Census","Mesa (City, 2020)"
"Census Tract","04013422633","AZ","04013422633","=""04013422633""","66375","2020-2024","2022","Census","Mesa (City, 2020)"
"Census Tract","04013422634","AZ","04013422634","=""04013422634""","55599","2020-2024","2022","Census","Mesa (City, 2020)"
"Census Tract","04013422636","AZ","04013422636","=""04013422636""","82813","2020-2024","2022","Census","Mesa (City, 2020)"
"Census Tract","04013422637","AZ","04013422637","=""04013422637""","103906","2020-2024","2022","Census","Mesa (City, 2020)"
"Census Tract","04013422638","AZ","04013422638","=""04013422638""","66435","2020-2024","2022","Census","Mesa (City, 2020)"
"Census Tract","04013422640","AZ","04013422640","=""04013422640""","81302","2020-2024","2022","Census","Mesa (City, 2020)"
"Census Tract","04013422642","AZ","04013422642","=""04013422642""","93000","2020-2024","2022","Census","Mesa (City, 2020)"
"Census Tract","04013422643","AZ","04013422643","=""04013422643""","108833","2020-2024","2022","Census","Mesa (City, 2020)"
"Census Tract","04013422647","AZ","04013422647","=""04013422647""","153355","2020-2024","2022","Census","Mesa (City, 2020)"
"Census Tract","04013422648","AZ","04013422648","=""04013422648""","131131","2020-2024","2022","Census","Mesa (City, 2020)"
"Census Tract","04013422649","AZ","04013422649","=""04013422649""","128583","2020-2024","2022","Census","Mesa (City, 2020)"
"Census Tract","04013422650","AZ","04013422650","=""04013422650""","96827","2020-2024","2022","Census","Mesa (City, 2020)"
"Census Tract","04013422651","AZ","04013422651","=""04013422651""","167188","2020-2024","2022","Census","Mesa (City, 2020)"
"Census Tract","04013422652","AZ","04013422652","=""04013422652""","76389","2020-2024","2022","Census","Mesa (City, 2020)"
"Census Tract","04013422654","AZ","04013422654","=""04013422654""","143819","2020-2024","2022","Census","Mesa (City, 2020)"
"Census Tract","04013422655","AZ","04013422655","=""04013422655""","96518","2020-2024","2022","Census","Mesa (City, 2020)"
"Census Tract","04013422659","AZ","04013422659","=""04013422659""","76118","2020-2024","2022","Census","Mesa (City, 2020)"
"Census Tract","04013422660","AZ","04013422660","=""04013422660""","78873","2020-2024","2022","Census","Mesa (City, 2020)"
"Census Tract","04013522801","AZ","04013522801","=""04013522801""","N/A","2020-2024","2022","Census","Mesa (City, 2020)"
"Census Tract","04013522802","AZ","04013522802","=""04013522802""","38828","2020-2024","2022","Census","Mesa (City, 2020)"
"Census Tract","04013817600","AZ","04013817600","=""04013817600""","139167","2020-2024","2022","Census","Mesa (City, 2020)"
