"GeoID_Description","GeoID_Name","SitsinState","GeoID","GeoID_Formatted","p_crd_obesity","TimeFrame","GeoVintage","Source","Location"
"Census Tract","04013420104","AZ","04013420104","=""04013420104""","30.5","2023","2022","CDC_PLACES","Mesa (City, 2020)"
"Census Tract","04013420105","AZ","04013420105","=""04013420105""","27.5","2023","2022","CDC_PLACES","Mesa (City, 2020)"
"Census Tract","04013420107","AZ","04013420107","=""04013420107""","27.2","2023","2022","CDC_PLACES","Mesa (City, 2020)"
"Census Tract","04013420109","AZ","04013420109","=""04013420109""","29.0","2023","2022","CDC_PLACES","Mesa (City, 2020)"
"Census Tract","04013420112","AZ","04013420112","=""04013420112""","29.6","2023","2022","CDC_PLACES","Mesa (City, 2020)"
"Census Tract","04013420113","AZ","04013420113","=""04013420113""","30.2","2023","2022","CDC_PLACES","Mesa (City, 2020)"
"Census Tract","04013420206","AZ","04013420206","=""04013420206""","27.8","2023","2022","CDC_PLACES","Mesa (City, 2020)"
"Census Tract","04013420207","AZ","04013420207","=""04013420207""","26.7","2023","2022","CDC_PLACES","Mesa (City, 2020)"
"Census Tract","04013420208","AZ","04013420208","=""04013420208""","30.9","2023","2022","CDC_PLACES","Mesa (City, 2020)"
"Census Tract","04013420210","AZ","04013420210","=""04013420210""","29.5","2023","2022","CDC_PLACES","Mesa (City, 2020)"
"Census Tract","04013420211","AZ","04013420211","=""04013420211""","27.7","2023","2022","CDC_PLACES","Mesa (City, 2020)"
"Census Tract","04013420212","AZ","04013420212","=""04013420212""","27.6","2023","2022","CDC_PLACES","Mesa (City, 2020)"
"Census Tract","04013420213","AZ","04013420213","=""04013420213""","28.3","2023","2022","CDC_PLACES","Mesa (City, 2020)"
"Census Tract","04013420215","AZ","04013420215","=""04013420215""","29.9","2023","2022","CDC_PLACES","Mesa (City, 2020)"
"Census Tract","04013420216","AZ","04013420216","=""04013420216""","28.4","2023","2022","CDC_PLACES","Mesa (City, 2020)"
"Census Tract","04013420301","AZ","04013420301","=""04013420301""","26.4","2023","2022","CDC_PLACES","Mesa (City, 2020)"
"Census Tract","04013420302","AZ","04013420302","=""04013420302""","29.4","2023","2022","CDC_PLACES","Mesa (City, 2020)"
"Census Tract","04013420303","AZ","04013420303","=""04013420303""","29.8","2023","2022","CDC_PLACES","Mesa (City, 2020)"
"Census Tract","04013420304","AZ","04013420304","=""04013420304""","26.7","2023","2022","CDC_PLACES","Mesa (City, 2020)"
"Census Tract","04013420401","AZ","04013420401","=""04013420401""","34.4","2023","2022","CDC_PLACES","Mesa (City, 2020)"
"Census Tract","04013420402","AZ","04013420402","=""04013420402""","26.9","2023","2022","CDC_PLACES","Mesa (City, 2020)"
"Census Tract","04013420503","AZ","04013420503","=""04013420503""","32.8","2023","2022","CDC_PLACES","Mesa (City, 2020)"
"Census Tract","04013420504","AZ","04013420504","=""04013420504""","31.6","2023","2022","CDC_PLACES","Mesa (City, 2020)"
"Census Tract","04013420505","AZ","04013420505","=""04013420505""","30.0","2023","2022","CDC_PLACES","Mesa (City, 2020)"
"Census Tract","04013420506","AZ","04013420506","=""04013420506""","32.8","2023","2022","CDC_PLACES","Mesa (City, 2020)"
"Census Tract","04013420602","AZ","04013420602","=""04013420602""","30.0","2023","2022","CDC_PLACES","Mesa (City, 2020)"
"Census Tract","04013420603","AZ","04013420603","=""04013420603""","27.6","2023","2022","CDC_PLACES","Mesa (City, 2020)"
"Census Tract","04013420604","AZ","04013420604","=""04013420604""","27.2","2023","2022","CDC_PLACES","Mesa (City, 2020)"
"Census Tract","04013420704","AZ","04013420704","=""04013420704""","31.5","2023","2022","CDC_PLACES","Mesa (City, 2020)"
"Census Tract","04013420705","AZ","04013420705","=""04013420705""","25.4","2023","2022","CDC_PLACES","Mesa (City, 2020)"
"Census Tract","04013420706","AZ","04013420706","=""04013420706""","28.9","2023","2022","CDC_PLACES","Mesa (City, 2020)"
"Census Tract","04013420707","AZ","04013420707","=""04013420707""","31.1","2023","2022","CDC_PLACES","Mesa (City, 2020)"
"Census Tract","04013420708","AZ","04013420708","=""04013420708""","32.6","2023","2022","CDC_PLACES","Mesa (City, 2020)"
"Census Tract","04013420709","AZ","04013420709","=""04013420709""","30.3","2023","2022","CDC_PLACES","Mesa (City, 2020)"
"Census Tract","04013420710","AZ","04013420710","=""04013420710""","31.8","2023","2022","CDC_PLACES","Mesa (City, 2020)"
"Census Tract","04013420800","AZ","04013420800","=""04013420800""","31.3","2023","2022","CDC_PLACES","Mesa (City, 2020)"
"Census Tract","04013420901","AZ","04013420901","=""04013420901""","33.0","2023","2022","CDC_PLACES","Mesa (City, 2020)"
"Census Tract","04013420902","AZ","04013420902","=""04013420902""","30.9","2023","2022","CDC_PLACES","Mesa (City, 2020)"
"Census Tract","04013421001","AZ","04013421001","=""04013421001""","33.8","2023","2022","CDC_PLACES","Mesa (City, 2020)"
"Census Tract","04013421002","AZ","04013421002","=""04013421002""","32.6","2023","2022","CDC_PLACES","Mesa (City, 2020)"
"Census Tract","04013421101","AZ","04013421101","=""04013421101""","34.0","2023","2022","CDC_PLACES","Mesa (City, 2020)"
"Census Tract","04013421102","AZ","04013421102","=""04013421102""","31.7","2023","2022","CDC_PLACES","Mesa (City, 2020)"
"Census Tract","04013421201","AZ","04013421201","=""04013421201""","29.3","2023","2022","CDC_PLACES","Mesa (City, 2020)"
"Census Tract","04013421202","AZ","04013421202","=""04013421202""","31.8","2023","2022","CDC_PLACES","Mesa (City, 2020)"
"Census Tract","04013421302","AZ","04013421302","=""04013421302""","37.0","2023","2022","CDC_PLACES","Mesa (City, 2020)"
"Census Tract","04013421303","AZ","04013421303","=""04013421303""","32.0","2023","2022","CDC_PLACES","Mesa (City, 2020)"
"Census Tract","04013421304","AZ","04013421304","=""04013421304""","30.3","2023","2022","CDC_PLACES","Mesa (City, 2020)"
"Census Tract","04013421400","AZ","04013421400","=""04013421400""","33.4","2023","2022","CDC_PLACES","Mesa (City, 2020)"
"Census Tract","04013421501","AZ","04013421501","=""04013421501""","38.0","2023","2022","CDC_PLACES","Mesa (City, 2020)"
"Census Tract","04013421502","AZ","04013421502","=""04013421502""","37.7","2023","2022","CDC_PLACES","Mesa (City, 2020)"
"Census Tract","04013421601","AZ","04013421601","=""04013421601""","35.6","2023","2022","CDC_PLACES","Mesa (City, 2020)"
"Census Tract","04013421602","AZ","04013421602","=""04013421602""","37.0","2023","2022","CDC_PLACES","Mesa (City, 2020)"
"Census Tract","04013421701","AZ","04013421701","=""04013421701""","33.8","2023","2022","CDC_PLACES","Mesa (City, 2020)"
"Census Tract","04013421702","AZ","04013421702","=""04013421702""","38.4","2023","2022","CDC_PLACES","Mesa (City, 2020)"
"Census Tract","04013421801","AZ","04013421801","=""04013421801""","31.7","2023","2022","CDC_PLACES","Mesa (City, 2020)"
"Census Tract","04013421802","AZ","04013421802","=""04013421802""","37.2","2023","2022","CDC_PLACES","Mesa (City, 2020)"
"Census Tract","04013421901","AZ","04013421901","=""04013421901""","35.0","2023","2022","CDC_PLACES","Mesa (City, 2020)"
"Census Tract","04013421902","AZ","04013421902","=""04013421902""","41.1","2023","2022","CDC_PLACES","Mesa (City, 2020)"
"Census Tract","04013422001","AZ","04013422001","=""04013422001""","38.7","2023","2022","CDC_PLACES","Mesa (City, 2020)"
"Census Tract","04013422002","AZ","04013422002","=""04013422002""","36.8","2023","2022","CDC_PLACES","Mesa (City, 2020)"
"Census Tract","04013422102","AZ","04013422102","=""04013422102""","34.5","2023","2022","CDC_PLACES","Mesa (City, 2020)"
"Census Tract","04013422103","AZ","04013422103","=""04013422103""","33.7","2023","2022","CDC_PLACES","Mesa (City, 2020)"
"Census Tract","04013422104","AZ","04013422104","=""04013422104""","34.7","2023","2022","CDC_PLACES","Mesa (City, 2020)"
"Census Tract","04013422105","AZ","04013422105","=""04013422105""","31.2","2023","2022","CDC_PLACES","Mesa (City, 2020)"
"Census Tract","04013422106","AZ","04013422106","=""04013422106""","35.6","2023","2022","CDC_PLACES","Mesa (City, 2020)"
"Census Tract","04013422107","AZ","04013422107","=""04013422107""","34.0","2023","2022","CDC_PLACES","Mesa (City, 2020)"
"Census Tract","04013422203","AZ","04013422203","=""04013422203""","31.1","2023","2022","CDC_PLACES","Mesa (City, 2020)"
"Census Tract","04013422212","AZ","04013422212","=""04013422212""","27.1","2023","2022","CDC_PLACES","Mesa (City, 2020)"
"Census Tract","04013422213","AZ","04013422213","=""04013422213""","29.4","2023","2022","CDC_PLACES","Mesa (City, 2020)"
"Census Tract","04013422215","AZ","04013422215","=""04013422215""","29.9","2023","2022","CDC_PLACES","Mesa (City, 2020)"
"Census Tract","04013422216","AZ","04013422216","=""04013422216""","27.2","2023","2022","CDC_PLACES","Mesa (City, 2020)"
"Census Tract","04013422217","AZ","04013422217","=""04013422217""","29.2","2023","2022","CDC_PLACES","Mesa (City, 2020)"
"Census Tract","04013422221","AZ","04013422221","=""04013422221""","29.8","2023","2022","CDC_PLACES","Mesa (City, 2020)"
"Census Tract","04013422222","AZ","04013422222","=""04013422222""","28.3","2023","2022","CDC_PLACES","Mesa (City, 2020)"
"Census Tract","04013422223","AZ","04013422223","=""04013422223""","32.6","2023","2022","CDC_PLACES","Mesa (City, 2020)"
"Census Tract","04013422224","AZ","04013422224","=""04013422224""","N/A","2023","2022","CDC_PLACES","Mesa (City, 2020)"
"Census Tract","04013422225","AZ","04013422225","=""04013422225""","N/A","2023","2022","CDC_PLACES","Mesa (City, 2020)"
"Census Tract","04013422226","AZ","04013422226","=""04013422226""","N/A","2023","2022","CDC_PLACES","Mesa (City, 2020)"
"Census Tract","04013422227","AZ","04013422227","=""04013422227""","30.4","2023","2022","CDC_PLACES","Mesa (City, 2020)"
"Census Tract","04013422301","AZ","04013422301","=""04013422301""","32.7","2023","2022","CDC_PLACES","Mesa (City, 2020)"
"Census Tract","04013422302","AZ","04013422302","=""04013422302""","31.2","2023","2022","CDC_PLACES","Mesa (City, 2020)"
"Census Tract","04013422501","AZ","04013422501","=""04013422501""","31.8","2023","2022","CDC_PLACES","Mesa (City, 2020)"
"Census Tract","04013422502","AZ","04013422502","=""04013422502""","30.6","2023","2022","CDC_PLACES","Mesa (City, 2020)"
"Census Tract","04013422503","AZ","04013422503","=""04013422503""","31.1","2023","2022","CDC_PLACES","Mesa (City, 2020)"
"Census Tract","04013422504","AZ","04013422504","=""04013422504""","29.4","2023","2022","CDC_PLACES","Mesa (City, 2020)"
"Census Tract","04013422513","AZ","04013422513","=""04013422513""","28.0","2023","2022","CDC_PLACES","Mesa (City, 2020)"
"Census Tract","04013422514","AZ","04013422514","=""04013422514""","31.5","2023","2022","CDC_PLACES","Mesa (City, 2020)"
"Census Tract","04013422607","AZ","04013422607","=""04013422607""","26.8","2023","2022","CDC_PLACES","Mesa (City, 2020)"
"Census Tract","04013422609","AZ","04013422609","=""04013422609""","30.0","2023","2022","CDC_PLACES","Mesa (City, 2020)"
"Census Tract","04013422610","AZ","04013422610","=""04013422610""","27.1","2023","2022","CDC_PLACES","Mesa (City, 2020)"
"Census Tract","04013422615","AZ","04013422615","=""04013422615""","30.4","2023","2022","CDC_PLACES","Mesa (City, 2020)"
"Census Tract","04013422617","AZ","04013422617","=""04013422617""","28.4","2023","2022","CDC_PLACES","Mesa (City, 2020)"
"Census Tract","04013422618","AZ","04013422618","=""04013422618""","24.2","2023","2022","CDC_PLACES","Mesa (City, 2020)"
"Census Tract","04013422624","AZ","04013422624","=""04013422624""","28.6","2023","2022","CDC_PLACES","Mesa (City, 2020)"
"Census Tract","04013422625","AZ","04013422625","=""04013422625""","31.6","2023","2022","CDC_PLACES","Mesa (City, 2020)"
"Census Tract","04013422626","AZ","04013422626","=""04013422626""","28.7","2023","2022","CDC_PLACES","Mesa (City, 2020)"
"Census Tract","04013422633","AZ","04013422633","=""04013422633""","31.5","2023","2022","CDC_PLACES","Mesa (City, 2020)"
"Census Tract","04013422634","AZ","04013422634","=""04013422634""","31.2","2023","2022","CDC_PLACES","Mesa (City, 2020)"
"Census Tract","04013422636","AZ","04013422636","=""04013422636""","28.6","2023","2022","CDC_PLACES","Mesa (City, 2020)"
"Census Tract","04013422637","AZ","04013422637","=""04013422637""","28.2","2023","2022","CDC_PLACES","Mesa (City, 2020)"
"Census Tract","04013422638","AZ","04013422638","=""04013422638""","28.8","2023","2022","CDC_PLACES","Mesa (City, 2020)"
"Census Tract","04013422640","AZ","04013422640","=""04013422640""","27.3","2023","2022","CDC_PLACES","Mesa (City, 2020)"
"Census Tract","04013422642","AZ","04013422642","=""04013422642""","29.1","2023","2022","CDC_PLACES","Mesa (City, 2020)"
"Census Tract","04013422643","AZ","04013422643","=""04013422643""","28.6","2023","2022","CDC_PLACES","Mesa (City, 2020)"
"Census Tract","04013422647","AZ","04013422647","=""04013422647""","27.3","2023","2022","CDC_PLACES","Mesa (City, 2020)"
"Census Tract","04013422648","AZ","04013422648","=""04013422648""","27.7","2023","2022","CDC_PLACES","Mesa (City, 2020)"
"Census Tract","04013422649","AZ","04013422649","=""04013422649""","28.3","2023","2022","CDC_PLACES","Mesa (City, 2020)"
"Census Tract","04013422650","AZ","04013422650","=""04013422650""","28.1","2023","2022","CDC_PLACES","Mesa (City, 2020)"
"Census Tract","04013422651","AZ","04013422651","=""04013422651""","29.2","2023","2022","CDC_PLACES","Mesa (City, 2020)"
"Census Tract","04013422652","AZ","04013422652","=""04013422652""","25.4","2023","2022","CDC_PLACES","Mesa (City, 2020)"
"Census Tract","04013422654","AZ","04013422654","=""04013422654""","28.7","2023","2022","CDC_PLACES","Mesa (City, 2020)"
"Census Tract","04013422655","AZ","04013422655","=""04013422655""","29.1","2023","2022","CDC_PLACES","Mesa (City, 2020)"
"Census Tract","04013422659","AZ","04013422659","=""04013422659""","27.8","2023","2022","CDC_PLACES","Mesa (City, 2020)"
"Census Tract","04013422660","AZ","04013422660","=""04013422660""","30.0","2023","2022","CDC_PLACES","Mesa (City, 2020)"
"Census Tract","04013522801","AZ","04013522801","=""04013522801""","N/A","2023","2022","CDC_PLACES","Mesa (City, 2020)"
"Census Tract","04013522802","AZ","04013522802","=""04013522802""","30.7","2023","2022","CDC_PLACES","Mesa (City, 2020)"
"Census Tract","04013817600","AZ","04013817600","=""04013817600""","27.4","2023","2022","CDC_PLACES","Mesa (City, 2020)"
