"GeoID_Description","GeoID_Name","SitsinState","GeoID","GeoID_Formatted","cpop","TimeFrame","GeoVintage","Source","Location"
"Census Tract","04013420104","AZ","04013420104","=""04013420104""","5691","2020-2024","2022","Census","Mesa (City, 2020)"
"Census Tract","04013420105","AZ","04013420105","=""04013420105""","6609","2020-2024","2022","Census","Mesa (City, 2020)"
"Census Tract","04013420107","AZ","04013420107","=""04013420107""","7067","2020-2024","2022","Census","Mesa (City, 2020)"
"Census Tract","04013420109","AZ","04013420109","=""04013420109""","6488","2020-2024","2022","Census","Mesa (City, 2020)"
"Census Tract","04013420112","AZ","04013420112","=""04013420112""","3135","2020-2024","2022","Census","Mesa (City, 2020)"
"Census Tract","04013420113","AZ","04013420113","=""04013420113""","3227","2020-2024","2022","Census","Mesa (City, 2020)"
"Census Tract","04013420206","AZ","04013420206","=""04013420206""","3767","2020-2024","2022","Census","Mesa (City, 2020)"
"Census Tract","04013420207","AZ","04013420207","=""04013420207""","2637","2020-2024","2022","Census","Mesa (City, 2020)"
"Census Tract","04013420208","AZ","04013420208","=""04013420208""","5610","2020-2024","2022","Census","Mesa (City, 2020)"
"Census Tract","04013420210","AZ","04013420210","=""04013420210""","5395","2020-2024","2022","Census","Mesa (City, 2020)"
"Census Tract","04013420211","AZ","04013420211","=""04013420211""","4604","2020-2024","2022","Census","Mesa (City, 2020)"
"Census Tract","04013420212","AZ","04013420212","=""04013420212""","2885","2020-2024","2022","Census","Mesa (City, 2020)"
"Census Tract","04013420213","AZ","04013420213","=""04013420213""","2095","2020-2024","2022","Census","Mesa (City, 2020)"
"Census Tract","04013420215","AZ","04013420215","=""04013420215""","3560","2020-2024","2022","Census","Mesa (City, 2020)"
"Census Tract","04013420216","AZ","04013420216","=""04013420216""","3596","2020-2024","2022","Census","Mesa (City, 2020)"
"Census Tract","04013420301","AZ","04013420301","=""04013420301""","1880","2020-2024","2022","Census","Mesa (City, 2020)"
"Census Tract","04013420302","AZ","04013420302","=""04013420302""","4826","2020-2024","2022","Census","Mesa (City, 2020)"
"Census Tract","04013420303","AZ","04013420303","=""04013420303""","4632","2020-2024","2022","Census","Mesa (City, 2020)"
"Census Tract","04013420304","AZ","04013420304","=""04013420304""","897","2020-2024","2022","Census","Mesa (City, 2020)"
"Census Tract","04013420401","AZ","04013420401","=""04013420401""","3798","2020-2024","2022","Census","Mesa (City, 2020)"
"Census Tract","04013420402","AZ","04013420402","=""04013420402""","4872","2020-2024","2022","Census","Mesa (City, 2020)"
"Census Tract","04013420503","AZ","04013420503","=""04013420503""","3246","2020-2024","2022","Census","Mesa (City, 2020)"
"Census Tract","04013420504","AZ","04013420504","=""04013420504""","3704","2020-2024","2022","Census","Mesa (City, 2020)"
"Census Tract","04013420505","AZ","04013420505","=""04013420505""","2863","2020-2024","2022","Census","Mesa (City, 2020)"
"Census Tract","04013420506","AZ","04013420506","=""04013420506""","3421","2020-2024","2022","Census","Mesa (City, 2020)"
"Census Tract","04013420602","AZ","04013420602","=""04013420602""","4826","2020-2024","2022","Census","Mesa (City, 2020)"
"Census Tract","04013420603","AZ","04013420603","=""04013420603""","4231","2020-2024","2022","Census","Mesa (City, 2020)"
"Census Tract","04013420604","AZ","04013420604","=""04013420604""","4631","2020-2024","2022","Census","Mesa (City, 2020)"
"Census Tract","04013420704","AZ","04013420704","=""04013420704""","5646","2020-2024","2022","Census","Mesa (City, 2020)"
"Census Tract","04013420705","AZ","04013420705","=""04013420705""","3457","2020-2024","2022","Census","Mesa (City, 2020)"
"Census Tract","04013420706","AZ","04013420706","=""04013420706""","5307","2020-2024","2022","Census","Mesa (City, 2020)"
"Census Tract","04013420707","AZ","04013420707","=""04013420707""","1832","2020-2024","2022","Census","Mesa (City, 2020)"
"Census Tract","04013420708","AZ","04013420708","=""04013420708""","3737","2020-2024","2022","Census","Mesa (City, 2020)"
"Census Tract","04013420709","AZ","04013420709","=""04013420709""","3396","2020-2024","2022","Census","Mesa (City, 2020)"
"Census Tract","04013420710","AZ","04013420710","=""04013420710""","3356","2020-2024","2022","Census","Mesa (City, 2020)"
"Census Tract","04013420800","AZ","04013420800","=""04013420800""","5106","2020-2024","2022","Census","Mesa (City, 2020)"
"Census Tract","04013420901","AZ","04013420901","=""04013420901""","3075","2020-2024","2022","Census","Mesa (City, 2020)"
"Census Tract","04013420902","AZ","04013420902","=""04013420902""","4147","2020-2024","2022","Census","Mesa (City, 2020)"
"Census Tract","04013421001","AZ","04013421001","=""04013421001""","4148","2020-2024","2022","Census","Mesa (City, 2020)"
"Census Tract","04013421002","AZ","04013421002","=""04013421002""","3394","2020-2024","2022","Census","Mesa (City, 2020)"
"Census Tract","04013421101","AZ","04013421101","=""04013421101""","4713","2020-2024","2022","Census","Mesa (City, 2020)"
"Census Tract","04013421102","AZ","04013421102","=""04013421102""","6778","2020-2024","2022","Census","Mesa (City, 2020)"
"Census Tract","04013421201","AZ","04013421201","=""04013421201""","5368","2020-2024","2022","Census","Mesa (City, 2020)"
"Census Tract","04013421202","AZ","04013421202","=""04013421202""","3691","2020-2024","2022","Census","Mesa (City, 2020)"
"Census Tract","04013421302","AZ","04013421302","=""04013421302""","5928","2020-2024","2022","Census","Mesa (City, 2020)"
"Census Tract","04013421303","AZ","04013421303","=""04013421303""","4994","2020-2024","2022","Census","Mesa (City, 2020)"
"Census Tract","04013421304","AZ","04013421304","=""04013421304""","3895","2020-2024","2022","Census","Mesa (City, 2020)"
"Census Tract","04013421400","AZ","04013421400","=""04013421400""","2973","2020-2024","2022","Census","Mesa (City, 2020)"
"Census Tract","04013421501","AZ","04013421501","=""04013421501""","4320","2020-2024","2022","Census","Mesa (City, 2020)"
"Census Tract","04013421502","AZ","04013421502","=""04013421502""","3977","2020-2024","2022","Census","Mesa (City, 2020)"
"Census Tract","04013421601","AZ","04013421601","=""04013421601""","3156","2020-2024","2022","Census","Mesa (City, 2020)"
"Census Tract","04013421602","AZ","04013421602","=""04013421602""","4301","2020-2024","2022","Census","Mesa (City, 2020)"
"Census Tract","04013421701","AZ","04013421701","=""04013421701""","5290","2020-2024","2022","Census","Mesa (City, 2020)"
"Census Tract","04013421702","AZ","04013421702","=""04013421702""","3644","2020-2024","2022","Census","Mesa (City, 2020)"
"Census Tract","04013421801","AZ","04013421801","=""04013421801""","2903","2020-2024","2022","Census","Mesa (City, 2020)"
"Census Tract","04013421802","AZ","04013421802","=""04013421802""","4396","2020-2024","2022","Census","Mesa (City, 2020)"
"Census Tract","04013421901","AZ","04013421901","=""04013421901""","4457","2020-2024","2022","Census","Mesa (City, 2020)"
"Census Tract","04013421902","AZ","04013421902","=""04013421902""","5922","2020-2024","2022","Census","Mesa (City, 2020)"
"Census Tract","04013422001","AZ","04013422001","=""04013422001""","4157","2020-2024","2022","Census","Mesa (City, 2020)"
"Census Tract","04013422002","AZ","04013422002","=""04013422002""","4089","2020-2024","2022","Census","Mesa (City, 2020)"
"Census Tract","04013422102","AZ","04013422102","=""04013422102""","4180","2020-2024","2022","Census","Mesa (City, 2020)"
"Census Tract","04013422103","AZ","04013422103","=""04013422103""","4594","2020-2024","2022","Census","Mesa (City, 2020)"
"Census Tract","04013422104","AZ","04013422104","=""04013422104""","5635","2020-2024","2022","Census","Mesa (City, 2020)"
"Census Tract","04013422105","AZ","04013422105","=""04013422105""","3135","2020-2024","2022","Census","Mesa (City, 2020)"
"Census Tract","04013422106","AZ","04013422106","=""04013422106""","6090","2020-2024","2022","Census","Mesa (City, 2020)"
"Census Tract","04013422107","AZ","04013422107","=""04013422107""","4590","2020-2024","2022","Census","Mesa (City, 2020)"
"Census Tract","04013422203","AZ","04013422203","=""04013422203""","5912","2020-2024","2022","Census","Mesa (City, 2020)"
"Census Tract","04013422212","AZ","04013422212","=""04013422212""","3996","2020-2024","2022","Census","Mesa (City, 2020)"
"Census Tract","04013422213","AZ","04013422213","=""04013422213""","2305","2020-2024","2022","Census","Mesa (City, 2020)"
"Census Tract","04013422215","AZ","04013422215","=""04013422215""","2371","2020-2024","2022","Census","Mesa (City, 2020)"
"Census Tract","04013422216","AZ","04013422216","=""04013422216""","5434","2020-2024","2022","Census","Mesa (City, 2020)"
"Census Tract","04013422217","AZ","04013422217","=""04013422217""","3628","2020-2024","2022","Census","Mesa (City, 2020)"
"Census Tract","04013422221","AZ","04013422221","=""04013422221""","4247","2020-2024","2022","Census","Mesa (City, 2020)"
"Census Tract","04013422222","AZ","04013422222","=""04013422222""","2203","2020-2024","2022","Census","Mesa (City, 2020)"
"Census Tract","04013422223","AZ","04013422223","=""04013422223""","3017","2020-2024","2022","Census","Mesa (City, 2020)"
"Census Tract","04013422224","AZ","04013422224","=""04013422224""","0","2020-2024","2022","Census","Mesa (City, 2020)"
"Census Tract","04013422225","AZ","04013422225","=""04013422225""","0","2020-2024","2022","Census","Mesa (City, 2020)"
"Census Tract","04013422226","AZ","04013422226","=""04013422226""","0","2020-2024","2022","Census","Mesa (City, 2020)"
"Census Tract","04013422227","AZ","04013422227","=""04013422227""","1655","2020-2024","2022","Census","Mesa (City, 2020)"
"Census Tract","04013422301","AZ","04013422301","=""04013422301""","5812","2020-2024","2022","Census","Mesa (City, 2020)"
"Census Tract","04013422302","AZ","04013422302","=""04013422302""","5647","2020-2024","2022","Census","Mesa (City, 2020)"
"Census Tract","04013422501","AZ","04013422501","=""04013422501""","6256","2020-2024","2022","Census","Mesa (City, 2020)"
"Census Tract","04013422502","AZ","04013422502","=""04013422502""","5909","2020-2024","2022","Census","Mesa (City, 2020)"
"Census Tract","04013422503","AZ","04013422503","=""04013422503""","6280","2020-2024","2022","Census","Mesa (City, 2020)"
"Census Tract","04013422504","AZ","04013422504","=""04013422504""","5277","2020-2024","2022","Census","Mesa (City, 2020)"
"Census Tract","04013422513","AZ","04013422513","=""04013422513""","5112","2020-2024","2022","Census","Mesa (City, 2020)"
"Census Tract","04013422514","AZ","04013422514","=""04013422514""","4655","2020-2024","2022","Census","Mesa (City, 2020)"
"Census Tract","04013422607","AZ","04013422607","=""04013422607""","3888","2020-2024","2022","Census","Mesa (City, 2020)"
"Census Tract","04013422609","AZ","04013422609","=""04013422609""","4161","2020-2024","2022","Census","Mesa (City, 2020)"
"Census Tract","04013422610","AZ","04013422610","=""04013422610""","3028","2020-2024","2022","Census","Mesa (City, 2020)"
"Census Tract","04013422615","AZ","04013422615","=""04013422615""","7319","2020-2024","2022","Census","Mesa (City, 2020)"
"Census Tract","04013422617","AZ","04013422617","=""04013422617""","5886","2020-2024","2022","Census","Mesa (City, 2020)"
"Census Tract","04013422618","AZ","04013422618","=""04013422618""","3195","2020-2024","2022","Census","Mesa (City, 2020)"
"Census Tract","04013422624","AZ","04013422624","=""04013422624""","2784","2020-2024","2022","Census","Mesa (City, 2020)"
"Census Tract","04013422625","AZ","04013422625","=""04013422625""","4739","2020-2024","2022","Census","Mesa (City, 2020)"
"Census Tract","04013422626","AZ","04013422626","=""04013422626""","2741","2020-2024","2022","Census","Mesa (City, 2020)"
"Census Tract","04013422633","AZ","04013422633","=""04013422633""","3010","2020-2024","2022","Census","Mesa (City, 2020)"
"Census Tract","04013422634","AZ","04013422634","=""04013422634""","5750","2020-2024","2022","Census","Mesa (City, 2020)"
"Census Tract","04013422636","AZ","04013422636","=""04013422636""","3765","2020-2024","2022","Census","Mesa (City, 2020)"
"Census Tract","04013422637","AZ","04013422637","=""04013422637""","3693","2020-2024","2022","Census","Mesa (City, 2020)"
"Census Tract","04013422638","AZ","04013422638","=""04013422638""","4407","2020-2024","2022","Census","Mesa (City, 2020)"
"Census Tract","04013422640","AZ","04013422640","=""04013422640""","4991","2020-2024","2022","Census","Mesa (City, 2020)"
"Census Tract","04013422642","AZ","04013422642","=""04013422642""","5424","2020-2024","2022","Census","Mesa (City, 2020)"
"Census Tract","04013422643","AZ","04013422643","=""04013422643""","5938","2020-2024","2022","Census","Mesa (City, 2020)"
"Census Tract","04013422647","AZ","04013422647","=""04013422647""","12550","2020-2024","2022","Census","Mesa (City, 2020)"
"Census Tract","04013422648","AZ","04013422648","=""04013422648""","6282","2020-2024","2022","Census","Mesa (City, 2020)"
"Census Tract","04013422649","AZ","04013422649","=""04013422649""","7294","2020-2024","2022","Census","Mesa (City, 2020)"
"Census Tract","04013422650","AZ","04013422650","=""04013422650""","2767","2020-2024","2022","Census","Mesa (City, 2020)"
"Census Tract","04013422651","AZ","04013422651","=""04013422651""","4708","2020-2024","2022","Census","Mesa (City, 2020)"
"Census Tract","04013422652","AZ","04013422652","=""04013422652""","2517","2020-2024","2022","Census","Mesa (City, 2020)"
"Census Tract","04013422654","AZ","04013422654","=""04013422654""","5315","2020-2024","2022","Census","Mesa (City, 2020)"
"Census Tract","04013422655","AZ","04013422655","=""04013422655""","3937","2020-2024","2022","Census","Mesa (City, 2020)"
"Census Tract","04013422659","AZ","04013422659","=""04013422659""","1778","2020-2024","2022","Census","Mesa (City, 2020)"
"Census Tract","04013422660","AZ","04013422660","=""04013422660""","5255","2020-2024","2022","Census","Mesa (City, 2020)"
"Census Tract","04013522801","AZ","04013522801","=""04013522801""","0","2020-2024","2022","Census","Mesa (City, 2020)"
"Census Tract","04013522802","AZ","04013522802","=""04013522802""","1128","2020-2024","2022","Census","Mesa (City, 2020)"
"Census Tract","04013817600","AZ","04013817600","=""04013817600""","9733","2020-2024","2022","Census","Mesa (City, 2020)"
