"GeoID_Description","GeoID_Name","SitsinState","GeoID","GeoID_Formatted","ppopwoins","TimeFrame","GeoVintage","Source","Location"
"Census Tract","04013420104","AZ","04013420104","=""04013420104""","6.44","2020-2024","2022","Census","Mesa (City, 2020)"
"Census Tract","04013420105","AZ","04013420105","=""04013420105""","2.22","2020-2024","2022","Census","Mesa (City, 2020)"
"Census Tract","04013420107","AZ","04013420107","=""04013420107""","1.47","2020-2024","2022","Census","Mesa (City, 2020)"
"Census Tract","04013420109","AZ","04013420109","=""04013420109""","2.34","2020-2024","2022","Census","Mesa (City, 2020)"
"Census Tract","04013420112","AZ","04013420112","=""04013420112""","12.92","2020-2024","2022","Census","Mesa (City, 2020)"
"Census Tract","04013420113","AZ","04013420113","=""04013420113""","8.50","2020-2024","2022","Census","Mesa (City, 2020)"
"Census Tract","04013420206","AZ","04013420206","=""04013420206""","7.65","2020-2024","2022","Census","Mesa (City, 2020)"
"Census Tract","04013420207","AZ","04013420207","=""04013420207""","0.72","2020-2024","2022","Census","Mesa (City, 2020)"
"Census Tract","04013420208","AZ","04013420208","=""04013420208""","4.92","2020-2024","2022","Census","Mesa (City, 2020)"
"Census Tract","04013420210","AZ","04013420210","=""04013420210""","8.77","2020-2024","2022","Census","Mesa (City, 2020)"
"Census Tract","04013420211","AZ","04013420211","=""04013420211""","5.56","2020-2024","2022","Census","Mesa (City, 2020)"
"Census Tract","04013420212","AZ","04013420212","=""04013420212""","7.29","2020-2024","2022","Census","Mesa (City, 2020)"
"Census Tract","04013420213","AZ","04013420213","=""04013420213""","1.10","2020-2024","2022","Census","Mesa (City, 2020)"
"Census Tract","04013420215","AZ","04013420215","=""04013420215""","5.74","2020-2024","2022","Census","Mesa (City, 2020)"
"Census Tract","04013420216","AZ","04013420216","=""04013420216""","4.10","2020-2024","2022","Census","Mesa (City, 2020)"
"Census Tract","04013420301","AZ","04013420301","=""04013420301""","1.24","2020-2024","2022","Census","Mesa (City, 2020)"
"Census Tract","04013420302","AZ","04013420302","=""04013420302""","7.75","2020-2024","2022","Census","Mesa (City, 2020)"
"Census Tract","04013420303","AZ","04013420303","=""04013420303""","6.65","2020-2024","2022","Census","Mesa (City, 2020)"
"Census Tract","04013420304","AZ","04013420304","=""04013420304""","3.68","2020-2024","2022","Census","Mesa (City, 2020)"
"Census Tract","04013420401","AZ","04013420401","=""04013420401""","14.43","2020-2024","2022","Census","Mesa (City, 2020)"
"Census Tract","04013420402","AZ","04013420402","=""04013420402""","4.43","2020-2024","2022","Census","Mesa (City, 2020)"
"Census Tract","04013420503","AZ","04013420503","=""04013420503""","7.70","2020-2024","2022","Census","Mesa (City, 2020)"
"Census Tract","04013420504","AZ","04013420504","=""04013420504""","7.99","2020-2024","2022","Census","Mesa (City, 2020)"
"Census Tract","04013420505","AZ","04013420505","=""04013420505""","12.16","2020-2024","2022","Census","Mesa (City, 2020)"
"Census Tract","04013420506","AZ","04013420506","=""04013420506""","14.29","2020-2024","2022","Census","Mesa (City, 2020)"
"Census Tract","04013420602","AZ","04013420602","=""04013420602""","9.56","2020-2024","2022","Census","Mesa (City, 2020)"
"Census Tract","04013420603","AZ","04013420603","=""04013420603""","4.51","2020-2024","2022","Census","Mesa (City, 2020)"
"Census Tract","04013420604","AZ","04013420604","=""04013420604""","6.14","2020-2024","2022","Census","Mesa (City, 2020)"
"Census Tract","04013420704","AZ","04013420704","=""04013420704""","6.13","2020-2024","2022","Census","Mesa (City, 2020)"
"Census Tract","04013420705","AZ","04013420705","=""04013420705""","4.08","2020-2024","2022","Census","Mesa (City, 2020)"
"Census Tract","04013420706","AZ","04013420706","=""04013420706""","8.84","2020-2024","2022","Census","Mesa (City, 2020)"
"Census Tract","04013420707","AZ","04013420707","=""04013420707""","3.27","2020-2024","2022","Census","Mesa (City, 2020)"
"Census Tract","04013420708","AZ","04013420708","=""04013420708""","2.65","2020-2024","2022","Census","Mesa (City, 2020)"
"Census Tract","04013420709","AZ","04013420709","=""04013420709""","4.45","2020-2024","2022","Census","Mesa (City, 2020)"
"Census Tract","04013420710","AZ","04013420710","=""04013420710""","8.91","2020-2024","2022","Census","Mesa (City, 2020)"
"Census Tract","04013420800","AZ","04013420800","=""04013420800""","14.61","2020-2024","2022","Census","Mesa (City, 2020)"
"Census Tract","04013420901","AZ","04013420901","=""04013420901""","14.20","2020-2024","2022","Census","Mesa (City, 2020)"
"Census Tract","04013420902","AZ","04013420902","=""04013420902""","15.89","2020-2024","2022","Census","Mesa (City, 2020)"
"Census Tract","04013421001","AZ","04013421001","=""04013421001""","12.40","2020-2024","2022","Census","Mesa (City, 2020)"
"Census Tract","04013421002","AZ","04013421002","=""04013421002""","18.53","2020-2024","2022","Census","Mesa (City, 2020)"
"Census Tract","04013421101","AZ","04013421101","=""04013421101""","11.25","2020-2024","2022","Census","Mesa (City, 2020)"
"Census Tract","04013421102","AZ","04013421102","=""04013421102""","19.70","2020-2024","2022","Census","Mesa (City, 2020)"
"Census Tract","04013421201","AZ","04013421201","=""04013421201""","8.94","2020-2024","2022","Census","Mesa (City, 2020)"
"Census Tract","04013421202","AZ","04013421202","=""04013421202""","6.36","2020-2024","2022","Census","Mesa (City, 2020)"
"Census Tract","04013421302","AZ","04013421302","=""04013421302""","16.67","2020-2024","2022","Census","Mesa (City, 2020)"
"Census Tract","04013421303","AZ","04013421303","=""04013421303""","20.99","2020-2024","2022","Census","Mesa (City, 2020)"
"Census Tract","04013421304","AZ","04013421304","=""04013421304""","7.78","2020-2024","2022","Census","Mesa (City, 2020)"
"Census Tract","04013421400","AZ","04013421400","=""04013421400""","19.44","2020-2024","2022","Census","Mesa (City, 2020)"
"Census Tract","04013421501","AZ","04013421501","=""04013421501""","9.25","2020-2024","2022","Census","Mesa (City, 2020)"
"Census Tract","04013421502","AZ","04013421502","=""04013421502""","25.23","2020-2024","2022","Census","Mesa (City, 2020)"
"Census Tract","04013421601","AZ","04013421601","=""04013421601""","11.60","2020-2024","2022","Census","Mesa (City, 2020)"
"Census Tract","04013421602","AZ","04013421602","=""04013421602""","30.81","2020-2024","2022","Census","Mesa (City, 2020)"
"Census Tract","04013421701","AZ","04013421701","=""04013421701""","17.15","2020-2024","2022","Census","Mesa (City, 2020)"
"Census Tract","04013421702","AZ","04013421702","=""04013421702""","10.04","2020-2024","2022","Census","Mesa (City, 2020)"
"Census Tract","04013421801","AZ","04013421801","=""04013421801""","23.33","2020-2024","2022","Census","Mesa (City, 2020)"
"Census Tract","04013421802","AZ","04013421802","=""04013421802""","21.98","2020-2024","2022","Census","Mesa (City, 2020)"
"Census Tract","04013421901","AZ","04013421901","=""04013421901""","35.70","2020-2024","2022","Census","Mesa (City, 2020)"
"Census Tract","04013421902","AZ","04013421902","=""04013421902""","32.53","2020-2024","2022","Census","Mesa (City, 2020)"
"Census Tract","04013422001","AZ","04013422001","=""04013422001""","37.72","2020-2024","2022","Census","Mesa (City, 2020)"
"Census Tract","04013422002","AZ","04013422002","=""04013422002""","33.16","2020-2024","2022","Census","Mesa (City, 2020)"
"Census Tract","04013422102","AZ","04013422102","=""04013422102""","15.41","2020-2024","2022","Census","Mesa (City, 2020)"
"Census Tract","04013422103","AZ","04013422103","=""04013422103""","11.30","2020-2024","2022","Census","Mesa (City, 2020)"
"Census Tract","04013422104","AZ","04013422104","=""04013422104""","21.05","2020-2024","2022","Census","Mesa (City, 2020)"
"Census Tract","04013422105","AZ","04013422105","=""04013422105""","17.13","2020-2024","2022","Census","Mesa (City, 2020)"
"Census Tract","04013422106","AZ","04013422106","=""04013422106""","17.26","2020-2024","2022","Census","Mesa (City, 2020)"
"Census Tract","04013422107","AZ","04013422107","=""04013422107""","13.51","2020-2024","2022","Census","Mesa (City, 2020)"
"Census Tract","04013422203","AZ","04013422203","=""04013422203""","22.94","2020-2024","2022","Census","Mesa (City, 2020)"
"Census Tract","04013422212","AZ","04013422212","=""04013422212""","2.25","2020-2024","2022","Census","Mesa (City, 2020)"
"Census Tract","04013422213","AZ","04013422213","=""04013422213""","4.99","2020-2024","2022","Census","Mesa (City, 2020)"
"Census Tract","04013422215","AZ","04013422215","=""04013422215""","12.06","2020-2024","2022","Census","Mesa (City, 2020)"
"Census Tract","04013422216","AZ","04013422216","=""04013422216""","8.12","2020-2024","2022","Census","Mesa (City, 2020)"
"Census Tract","04013422217","AZ","04013422217","=""04013422217""","15.38","2020-2024","2022","Census","Mesa (City, 2020)"
"Census Tract","04013422221","AZ","04013422221","=""04013422221""","4.99","2020-2024","2022","Census","Mesa (City, 2020)"
"Census Tract","04013422222","AZ","04013422222","=""04013422222""","6.72","2020-2024","2022","Census","Mesa (City, 2020)"
"Census Tract","04013422223","AZ","04013422223","=""04013422223""","7.39","2020-2024","2022","Census","Mesa (City, 2020)"
"Census Tract","04013422224","AZ","04013422224","=""04013422224""","N/A","2020-2024","2022","Census","Mesa (City, 2020)"
"Census Tract","04013422225","AZ","04013422225","=""04013422225""","N/A","2020-2024","2022","Census","Mesa (City, 2020)"
"Census Tract","04013422226","AZ","04013422226","=""04013422226""","N/A","2020-2024","2022","Census","Mesa (City, 2020)"
"Census Tract","04013422227","AZ","04013422227","=""04013422227""","9.18","2020-2024","2022","Census","Mesa (City, 2020)"
"Census Tract","04013422301","AZ","04013422301","=""04013422301""","16.32","2020-2024","2022","Census","Mesa (City, 2020)"
"Census Tract","04013422302","AZ","04013422302","=""04013422302""","9.51","2020-2024","2022","Census","Mesa (City, 2020)"
"Census Tract","04013422501","AZ","04013422501","=""04013422501""","6.79","2020-2024","2022","Census","Mesa (City, 2020)"
"Census Tract","04013422502","AZ","04013422502","=""04013422502""","11.37","2020-2024","2022","Census","Mesa (City, 2020)"
"Census Tract","04013422503","AZ","04013422503","=""04013422503""","16.30","2020-2024","2022","Census","Mesa (City, 2020)"
"Census Tract","04013422504","AZ","04013422504","=""04013422504""","11.38","2020-2024","2022","Census","Mesa (City, 2020)"
"Census Tract","04013422513","AZ","04013422513","=""04013422513""","3.83","2020-2024","2022","Census","Mesa (City, 2020)"
"Census Tract","04013422514","AZ","04013422514","=""04013422514""","9.55","2020-2024","2022","Census","Mesa (City, 2020)"
"Census Tract","04013422607","AZ","04013422607","=""04013422607""","0.88","2020-2024","2022","Census","Mesa (City, 2020)"
"Census Tract","04013422609","AZ","04013422609","=""04013422609""","12.61","2020-2024","2022","Census","Mesa (City, 2020)"
"Census Tract","04013422610","AZ","04013422610","=""04013422610""","3.07","2020-2024","2022","Census","Mesa (City, 2020)"
"Census Tract","04013422615","AZ","04013422615","=""04013422615""","4.71","2020-2024","2022","Census","Mesa (City, 2020)"
"Census Tract","04013422617","AZ","04013422617","=""04013422617""","8.72","2020-2024","2022","Census","Mesa (City, 2020)"
"Census Tract","04013422618","AZ","04013422618","=""04013422618""","0.63","2020-2024","2022","Census","Mesa (City, 2020)"
"Census Tract","04013422624","AZ","04013422624","=""04013422624""","3.62","2020-2024","2022","Census","Mesa (City, 2020)"
"Census Tract","04013422625","AZ","04013422625","=""04013422625""","18.98","2020-2024","2022","Census","Mesa (City, 2020)"
"Census Tract","04013422626","AZ","04013422626","=""04013422626""","3.11","2020-2024","2022","Census","Mesa (City, 2020)"
"Census Tract","04013422633","AZ","04013422633","=""04013422633""","13.16","2020-2024","2022","Census","Mesa (City, 2020)"
"Census Tract","04013422634","AZ","04013422634","=""04013422634""","18.94","2020-2024","2022","Census","Mesa (City, 2020)"
"Census Tract","04013422636","AZ","04013422636","=""04013422636""","8.26","2020-2024","2022","Census","Mesa (City, 2020)"
"Census Tract","04013422637","AZ","04013422637","=""04013422637""","14.51","2020-2024","2022","Census","Mesa (City, 2020)"
"Census Tract","04013422638","AZ","04013422638","=""04013422638""","11.03","2020-2024","2022","Census","Mesa (City, 2020)"
"Census Tract","04013422640","AZ","04013422640","=""04013422640""","9.35","2020-2024","2022","Census","Mesa (City, 2020)"
"Census Tract","04013422642","AZ","04013422642","=""04013422642""","4.37","2020-2024","2022","Census","Mesa (City, 2020)"
"Census Tract","04013422643","AZ","04013422643","=""04013422643""","4.66","2020-2024","2022","Census","Mesa (City, 2020)"
"Census Tract","04013422647","AZ","04013422647","=""04013422647""","4.21","2020-2024","2022","Census","Mesa (City, 2020)"
"Census Tract","04013422648","AZ","04013422648","=""04013422648""","5.05","2020-2024","2022","Census","Mesa (City, 2020)"
"Census Tract","04013422649","AZ","04013422649","=""04013422649""","1.88","2020-2024","2022","Census","Mesa (City, 2020)"
"Census Tract","04013422650","AZ","04013422650","=""04013422650""","5.85","2020-2024","2022","Census","Mesa (City, 2020)"
"Census Tract","04013422651","AZ","04013422651","=""04013422651""","4.55","2020-2024","2022","Census","Mesa (City, 2020)"
"Census Tract","04013422652","AZ","04013422652","=""04013422652""","0.32","2020-2024","2022","Census","Mesa (City, 2020)"
"Census Tract","04013422654","AZ","04013422654","=""04013422654""","8.44","2020-2024","2022","Census","Mesa (City, 2020)"
"Census Tract","04013422655","AZ","04013422655","=""04013422655""","7.11","2020-2024","2022","Census","Mesa (City, 2020)"
"Census Tract","04013422659","AZ","04013422659","=""04013422659""","5.40","2020-2024","2022","Census","Mesa (City, 2020)"
"Census Tract","04013422660","AZ","04013422660","=""04013422660""","8.54","2020-2024","2022","Census","Mesa (City, 2020)"
"Census Tract","04013522801","AZ","04013522801","=""04013522801""","N/A","2020-2024","2022","Census","Mesa (City, 2020)"
"Census Tract","04013522802","AZ","04013522802","=""04013522802""","19.33","2020-2024","2022","Census","Mesa (City, 2020)"
"Census Tract","04013817600","AZ","04013817600","=""04013817600""","2.33","2020-2024","2022","Census","Mesa (City, 2020)"
